"tweet_id";"screen_name";"created_at";"text"
"1122306135455883270";"realJohnCurley";"2019-04-28 01:06:48";"#trending #news NRA Suspends Top Lawyer While Oliver North Warns Group Could Lose Nonprofit Status… https://t.co/p7zMLyc7Bb"
"1122306140191305728";"Nachinhuu";"2019-04-28 01:06:49";"Item shop for today, new weapon skin ""Divine"" I like it ! #Fortnite #FBR #Games #Ikonik #Scenario #Ikon #Leaks… https://t.co/ptYm4WDyuF"
"1122306145014534144";"VYFe5JDWNU0jqIZ";"2019-04-28 01:06:51";"RT @2LRLW6ZzfcnYeXc: ?????????????????

.
-`?   Takahisa?Masuda   -`?

.
03line  }  ??  }  ??????

.
?????????

????????

.?????????????????…"
"1122306154770472962";"tegochan0111";"2019-04-28 01:06:53";"RT @tego11_masuuu74: ??????????

??4?28???
13:00?? ????????????????

??+?????
???,??????????
???????????????????

????????????????????

#NEWS?…"
"1122306166195777536";"t_to_T_0704";"2019-04-28 01:06:56";"RT @sara_ramass: NEWS WORLDISTA????????????????

?)?? 4/28(?
             1????2?  ??
             ??????

????????????????????????????????????????????…"
"1122306168771076096";"ahappylettuce";"2019-04-28 01:06:56";"RT @tqttq_macchu: ??????????????????????????????????????
??????????????( ;?; )
????????( ;?; )

#??????
#NEWS https://t.co/VRWuK5ZkHg"
"1122306173829619713";"MasonPepper2";"2019-04-28 01:06:57";"RT @barrybutler9: Springtime in Chicago.  Saturday on Michigan Avenue. #snow #weather #news #ilwx #weather https://t.co/ahzYEwJLlP"
"1122306184604725249";"DHJLeusch";"2019-04-28 01:07:00";"RT @KathleenMDanes: Talk about a photo being worth a thousand words. https://t.co/CZkduheLDE"
"1122306191005118464";"_kaguya_8";"2019-04-28 01:07:02";"NEWS WORLDISTA

????? ?? ??

?????????????

?DM????????????

??????????????
?????????????????????

#NEWS?????? #NEWS?????  #NEWS?"
"1122306191059632128";"crypto__mak";"2019-04-28 01:07:02";"SBI CEO Yoshitaka Kitao claims Ripple’s work with XRP in the Middle East region is a success… https://t.co/y2wuM9PqcW"
"1122306192221642752";"SalomonOli";"2019-04-28 01:07:02";"RT @imtomriley: Group plans to open new bookstore in downtown Goshen
https://t.co/1Kppu1C9nQ
#Startup #News #Tech"
"1122306199809142784";"DavidTareen";"2019-04-28 01:07:04";"How Digital Transformation is Minimizing the Data Risk https://t.co/CYvr0Np4Vq #Transformation… https://t.co/pMnxMcGm4Y"
"1122306204645187585";"claudiomkd";"2019-04-28 01:07:05";"LumiWatch: on arm projected graphics and touch input
by CarnegieMellon |

#UX #IoT #InternetOfThings… https://t.co/KWwMlPkwTO"
"1122306212001984512";"EthanBSFO";"2019-04-28 01:07:07";"RT @sheena2804: Internet of Things for Smart Buildings ~ A summary.  
 #IoT #IIoT #SmartBuildings #DigitalTransformation #digital #ioe #sma…"
"1122306213612544000";"dahboo7";"2019-04-28 01:07:07";"Big Asteroid Impact Exercise Next Week Held by NASA, FEMA and International Partners #Breaking #News
https://t.co/gmASk4PsNz"
"1122306223611756546";"1337YouTubers";"2019-04-28 01:07:09";"https://t.co/W7Tnb4M2Gq Join the discussion at https://t.co/VGIDl64n7l to chat about #news and current events!"
"1122306227571085312";"caribianblue4";"2019-04-28 01:07:10";"RT @MITO9864news: NEWS LIVE TOUR 2019
WORLDISTA

?????4?28? 1??2??????    1?

???????????????1?????????

?????????????

???????????????????…"
"1122306228003033088";"jmsste";"2019-04-28 01:07:10";"RT @_kaguya_8: NEWS WORLDISTA

????? ?? ??

?????????????

?DM????????????

??????????????
?????????????????????

#NEWS?????? #NEWS?????  #NEW…"
"1122306235187941376";"izu_1923";"2019-04-28 01:07:12";"RT @livedoornews: ?????#??????????? #zopp ?????????????????????
https://t.co/OKLeqWPnjd

#NEWS #SexyZone #?????WEST ???????????????????????…"
"1122306254217646081";"420JobsBoard";"2019-04-28 01:07:17";"#news #cannabis Cannabis stocks rally after 3 surveys find Americans increasingly favor legalization - MarketWatch https://t.co/XR5a5SeI5R"
"1122306266158727168";"michabird67";"2019-04-28 01:07:19";"RT @avoiceforchoice: Peshawar private #schools not allowing #vaccination drives due to fears #Parents will set schools on fire if their #Ch…"
"1122306268901924864";"clark_delon";"2019-04-28 01:07:20";"RT @barrybutler9: Springtime in Chicago.  Saturday on Michigan Avenue. #snow #weather #news #ilwx #weather https://t.co/ahzYEwJLlP"
"1122306281170198528";"ChrisWill1337";"2019-04-28 01:07:23";"RT @ChrisWill1337: brexit reacts after last extension https://t.co/Ywl6h62vKM ,please RT and share #gold #silver #stocks #trading #trades #…"
"1122306290624159744";"kolmafvan";"2019-04-28 01:07:25";"RT @BlondeMaleBlog: New Retinol Capsules Launched! #retinol #Skin #skincareroutine
#skincaretwitter #skincare #skincaretips #mens #beauty
#…"
"1122306292578541568";"_s_k_xoxo";"2019-04-28 01:07:26";"RT @tqttq_macchu: ??????????????????????????????????????
??????????????( ;?; )
????????( ;?; )

#??????
#NEWS https://t.co/VRWuK5ZkHg"
"1122306298509451265";"Adria_Dark";"2019-04-28 01:07:27";"RT @dahboo7: Big Asteroid Impact Exercise Next Week Held by NASA, FEMA and International Partners #Breaking #News
https://t.co/gmASk4PsNz"
"1122306299952345088";"aaroque2016";"2019-04-28 01:07:28";"RT @dahboo7: Americans Brace for Shock Surge In Everyday #Food Prices #Breaking #News 
https://t.co/gjfMDs48cd"
"1122306311457255424";"TradeStrategyCo";"2019-04-28 01:07:30";"#BTCUSD $5181.4
Price change 1-Hour 0.17% | 1-Day 0.81% | 1-Week -2.75%
4/28/2019 2:07 AM

Real-time #bitcoin price… https://t.co/B4Mt57u2LH"
"1122306315089514496";"EthanBSFO";"2019-04-28 01:07:31";"RT @AAlnaggar: The world map of #SmartCities in 2025!

#SmartCity #BigData #IoT #DigitalTransformation https://t.co/fbPSXfdRSM"
"1122306318084087808";"10ve_NEWS_TKHS";"2019-04-28 01:07:32";"RT @news_stamp: ?????

#NEWS #WORLDISTAMK #NEWStamp?? https://t.co/UPgFP2wKgt"
"1122306319229181952";"____yms4";"2019-04-28 01:07:32";"???
?? 4/28 2?  2?????????
K??????????????
??????????
DM?????????? 

#NEWS?????? #NEWS? #NEWS? #WORLDISTA #WORLDISTA? #WORLDISTA?"
"1122306321250910209";"TheRoasterCafe";"2019-04-28 01:07:33";"The latest The #Roaster #Cafe #News! https://t.co/so9gC7FDwh Thanks to @mammanna56 @vgwbullish @YourMoneyCoachx #retail #1u"
"1122306323842912256";"newkytg";"2019-04-28 01:07:33";"RT @kuu_mass: NEWS WORLDISTA

?????
   5/19??? ? 1?4?
??????

????????????
?????????????????????????????
??????????????????????????????????…"
"1122306326413987842";"Miki11764008";"2019-04-28 01:07:34";"??

???????
????????

??????????
???????????????

???????
???????????

??60?????????

?????????????
?

#JUMP???
#????????????
#NEWS???????"
"1122306328242814977";"FerAhumada_";"2019-04-28 01:07:34";"This is a tough one????
-
-
TAG YOUR FRIENDS????
#basketball #season #nba #news #nbaplayoffs #sports https://t.co/wNFhJ5qnwi"
"1122306345133195265";"0915x1121";"2019-04-28 01:07:38";"NEWS LIVE TOUR 2019 WORLDISTA 

?????4/28? 2?
?????4/28? 2?

??????????????????
???????????

#NEWS #NEWS?????? #WORLDISTA #NEWS? #NEWS?"
"1122306347771424770";"mashuka0910";"2019-04-28 01:07:39";"RT @sara_ramass: NEWS WORLDISTA????????????????

?)?? 4/28(?
             1????2?  ??
             ??????

????????????????????????????????????????????…"
"1122306363022041088";"ChrisWill1337";"2019-04-28 01:07:43";"brexit reacts after last extension https://t.co/Ywl6h62vKM ,please RT and share #gold #silver #stocks #trading… https://t.co/CRxtDHq6hl"
"1122306370768736257";"ari09151107";"2019-04-28 01:07:44";"RT @y7spring: NEWS LIVE TOUR 2019 WORLDISTA

?????2?? 4/28 1? 1?

1???????????????????????????????????????????????????????????????????
????…"
"1122306366167760901";"Ronald_vanLoon";"2019-04-28 01:07:43";"Top 5 #DigitalTransformation Trends for 2018 [#INFOGRAPHICS]
 by @SSI_TeamUS I

https://t.co/RHADfb1eoR 

#BigData… https://t.co/aXHzZh09wX"
"1122306373562195968";"mora52839971";"2019-04-28 01:07:45";"RT @dahboo7: Big Asteroid Impact Exercise Next Week Held by NASA, FEMA and International Partners #Breaking #News
https://t.co/gmASk4PsNz"
"1122306377639022592";"ayumi24060908";"2019-04-28 01:07:46";"RT @news_massu_umi: ??WORLDISTA????
??????????2days????

NEWS????????????????
NEWS????????????????
NEWS????????????????
NEWS????????????????

?????
?????????????????????????
????????????????????????…"
"1122306381841879040";"ChrisWill1337";"2019-04-28 01:07:47";"Signs Of Market Top 11.4.2019, check here https://t.co/oesa5uLyL0 please RT and share #gold #silver #stocks… https://t.co/R2NK85X8n0"
"1122306397272588288";"ari09151107";"2019-04-28 01:07:51";"RT @MITO9864news: NEWS LIVE TOUR 2019
WORLDISTA

?????4?28? 1??2??????    1?

???????????????1?????????

?????????????

???????????????????…"
"1122306411919052800";"KateLOVEGOT7";"2019-04-28 01:07:54";"RT @daradaily: ????????? ???????? ???????? “??????”

??????? :: https://t.co/0Td7lOgRYw #daradaily #????????? #news #?????????? #??????????…"
"1122306435642216448";"Mic7672";"2019-04-28 01:08:00";"RT @AAlnaggar: The world map of #SmartCities in 2025!

#SmartCity #BigData #IoT #DigitalTransformation https://t.co/fbPSXfdRSM"
"1122306439207239681";"2iRElPG11NZZGMl";"2019-04-28 01:08:01";"???????????? ?

??????? ???????

???????

??????????? w

#??????????
#????
#NEWS https://t.co/TJiOQZuFIx"
"1122306445196718080";"Pekoko5";"2019-04-28 01:08:02";"RT @tqttq_macchu: ???????????????”??”??????????????

 (´???)???????????????????

#????
#NEWS https://t.co/u6ksPfLv0Q"
"1122306451584638976";"GopeJayk";"2019-04-28 01:08:04";"Telegram @gopejayk"
"1122306474007379968";"aruo1102";"2019-04-28 01:08:09";"RT @cochi_o29: NEWS LIVE TOUR 2019 WORLDISTA

(?)4?28? ? ??  1?
?? ??????

4??1????????????
?? ????? ????????
???? ??????????

????????????…"
"1122306488947625984";"KumaQ61";"2019-04-28 01:08:13";"?????????????????????????????????????????????????????????????????????????????????? https://t.co/tpNyQd1N6u #?? #???? #news #??????"
"1122306508916527104";"helene_wpli";"2019-04-28 01:08:17";"RT @helene_wpli: Meet Gen Z - our collective #futureofwork ??
#DigitalTransformation #IoT #fintech 

https://t.co/QhBP9rixLt

MT @VisualCap…"
"1122306508769964032";"andreamv";"2019-04-28 01:08:17";"This picture says it all! Thanks, @barrybutler9 for capturing a great shot today! #SnowInSpring"
"1122306521025667073";"ChatbotAgencyAU";"2019-04-28 01:08:20";"RT @TamaraMcCleary: Why Every Company Needs An #AI Strategy For 2019 https://t.co/9n1D6x3hZO by @BernardMarr via via @forbes #leadership #D…"
"1122306524284456960";"newkytg";"2019-04-28 01:08:21";"RT @naoxfich: NEWS WORLDISTA

???
4/28 ?? ??? 2?

??+??????????????????????????????????????????????????????????????????????????????????????…"
"1122306526398513153";"kapilnarwal";"2019-04-28 01:08:21";"RT @eraser: Transhumanism and the idea of education in the world of cyborgs. Micha? Klichowski @MichalKlichowsk https://t.co/UXZRF94rDq #el…"
"1122306532081844224";"RMRealtor";"2019-04-28 01:08:23";"No information about how the men died was released. https://t.co/3UpzGWNrc4 #losangeles #News #RMRealtor #KTLA"
"1122306533495324672";"AmazinglyGaming";"2019-04-28 01:08:23";"Games and chill!! #Talk #Comedy #Music #News #Autism #Endgame #AvengersEndgame #VIDEO #SaturdayMorning #RT #twitch… https://t.co/3oQu62EXHN"
"1122306534032257024";"RMRealtor";"2019-04-28 01:08:23";"One Dead, 3 Wounded in Poway Synagogue Shooting; Suspect in Custody https://t.co/aA5pOcV6Td https://t.co/PGLxDGrc6n… https://t.co/4blizrGhdV"
"1122306536586354688";"1128news";"2019-04-28 01:08:24";"RT @tqttq_macchu: ???????????????”??”??????????????

 (´???)???????????????????

#????
#NEWS https://t.co/u6ksPfLv0Q"
"1122306570526703616";"aresan_nishioka";"2019-04-28 01:08:32";"RT @tbs_news: ??????????????????????? https://t.co/XwBfGGzhE3 #tbs #tbs_news #japan #news"
"1122306572850348032";"ForexLinksTools";"2019-04-28 01:08:33";"Chinese Families Paid Massive Sums In College Admissions Scandal https://t.co/BndtFkru5L [???? https://t.co/3buTODIvvQ… https://t.co/say8JmaLYu"
"1122306578437300224";"YwanVanLoon";"2019-04-28 01:08:34";"RT Ronald_vanLoon ""LumiWatch: on arm projected graphics and touch input
by CarnegieMellon |

#UX #IoT… https://t.co/Jhl00mabNh"
"1122306580031115269";"YwanVanLoon";"2019-04-28 01:08:34";"RT Ronald_vanLoon ""Top 5 #DigitalTransformation Trends for 2018 [#INFOGRAPHICS]
 by SSI_TeamUS I… https://t.co/LdFdCxBWoL"
"1122306590843883522";"gosenono";"2019-04-28 01:08:37";"RT @livedoornews: ?????#??????????? #zopp ?????????????????????
https://t.co/OKLeqWPnjd

#NEWS #SexyZone #?????WEST ???????????????????????…"
"1122306593570291712";"joyride0609";"2019-04-28 01:08:38";"RT @barrybutler9: Springtime in Chicago.  Saturday on Michigan Avenue. #snow #weather #news #ilwx #weather https://t.co/ahzYEwJLlP"
"1122306598452518914";"whaletobe";"2019-04-28 01:08:39";"IGG, the golden gamer&amp;#8217;s paradise  https://t.co/zV7RPJG8gB

@IG_Galaxy @Naeem_IGG @TronNews_ @mishalederman… https://t.co/eOrkIXvz1H"
"1122306605700272133";"RTHyderabad";"2019-04-28 01:08:40";"RT @goincube: Apply: https://t.co/bAsR3JwCrC

#mission200startups #smartcities #iot #agro #ecommerce #india4.0 #projects #internetofthings…"
"1122306642358308864";"Natkanda_3737";"2019-04-28 01:08:49";"RT @daradaily: ????????? ???????? ???????? “??????”

??????? :: https://t.co/0Td7lOgRYw #daradaily #????????? #news #?????????? #??????????…"
"1122306643650236416";"nnmysd_aye";"2019-04-28 01:08:49";"RT @tqttq_macchu: ??????????????????????????????????????
??????????????( ;?; )
????????( ;?; )

#??????
#NEWS https://t.co/VRWuK5ZkHg"
"1122306653603258368";"10ve_NEWS_TKHS";"2019-04-28 01:08:52";"RT @news_stamp: ???????

#NEWS #WORLDISTAMK #NEWStamp?? https://t.co/tFDJ1kHq4g"
"1122306673098366976";"tonton0000ebi";"2019-04-28 01:08:56";"RT @tbs_news: ??????????????????????? https://t.co/XwBfGGzhE3 #tbs #tbs_news #japan #news"
"1122306674872606720";"smileangel_1210";"2019-04-28 01:08:57";"RT @tbs_news: ??????????????????? https://t.co/6DGmZzr3hE #tbs #tbs_news #japan #news"
"1122306680916570113";"yuuuuufptrk";"2019-04-28 01:08:58";"RT @tego11_masuuu74: ??????????

??4?28???
13:00?? ????????????????

??+?????
???,??????????
???????????????????

????????????????????

#NEWS?…"
"1122306698515927040";"Social411Now";"2019-04-28 01:09:03";"""The #GlobeAndMail #Publishes an #Investigation into #Canada's #FarRightMovement""  #World #News #Politics #news… https://t.co/iRhruH6zpE"
"1122306700474769410";"hawkfx";"2019-04-28 01:09:03";"RT @Zentoring: Three Things #Mentors Can Do For You via @forbes https://t.co/rbehjE8CTb #mentor #mentorship #mentoring #business #Entrepren…"
"1122306703964475398";"TheCuriousLuke";"2019-04-28 01:09:04";"RT @YwanVanLoon: RT Ronald_vanLoon ""Top 5 #DigitalTransformation Trends for 2018 [#INFOGRAPHICS]
 by SSI_TeamUS I

https://t.co/Ps5NZlqGY7…"
"1122306711895838720";"BT_RSS_FEED";"2019-04-28 01:09:06";"Ethereum [ETH] Founder Vitalik Buterin Makes Proof of Stake Proposal that will Secure Ethereum blockchain – Ethereu… https://t.co/IRU1geWKoq"
"1122306713816715264";"yenravc";"2019-04-28 01:09:06";"RT @antgrasso: India's tech spending will climb 10% to reach US$77 billion, while China will see its tech budget will grow 8 percent to US$…"
"1122306744900734976";"Masssshu_xx";"2019-04-28 01:09:14";"?????????

??????
????2?
????2?

????????????????
??????????????

19? ???

#NEWS?????? #NEWS? #NEWS? #WORLDISTA?? #WORLDISTA? #worldista"
"1122306752030986241";"kysg_NW_4ever";"2019-04-28 01:09:15";"RT @tqttq_macchu: ??????????????????????????????????????
??????????????( ;?; )
????????( ;?; )

#??????
#NEWS https://t.co/VRWuK5ZkHg"
"1122306764416929792";"SabrinaSStore";"2019-04-28 01:09:18";"RT @SabrinaSabrok: Nota de hoy @TVNotasmx
https://t.co/KXEcT7a9xM
—
—
#sabrinasabrok #news #noticias #rhnegative #blood #hybrid #alien #ext…"
"1122306768602710016";"kinkinewstaka74";"2019-04-28 01:09:19";"RT @daffy40066696: ??????????????????????????????????????+????????????????…
??4/28 1?
#WORLDISTA
#NEWS??????"
"1122306775363903489";"SZ_knt_0313";"2019-04-28 01:09:21";"RT @tbs_news: ??????????????????????? https://t.co/XwBfGGzhE3 #tbs #tbs_news #japan #news"
"1122306793424637952";"GopeJayk";"2019-04-28 01:09:25";"RT @NemesisGiveaway: We are giving away 4 #EOS ????

Steps:
1. Retweet
2. Like
3. Join: https://t.co/XIwCzMLwuW

To participate, you have to c…"
"1122306795920191488";"yupiyupi_news";"2019-04-28 01:09:26";"?????????????????????????????????????????????????????????????
((???????????……))

??????????????(*^^*)

#NEWS ????
#WORLDISTA ????"
"1122306805684756480";"wilhelmmona";"2019-04-28 01:09:28";"RT @crypto__mak: SBI CEO Yoshitaka Kitao claims Ripple’s work with XRP in the Middle East region is a success https://t.co/q2O8o6CQC7 #Cryp…"
"1122306812428972032";"naosmkinki";"2019-04-28 01:09:30";"RT @tbs_news: ??????????????????????? https://t.co/XwBfGGzhE3 #tbs #tbs_news #japan #news"
"1122306814152888320";"irgsbVV9u3f0wWN";"2019-04-28 01:09:30";"NEWS LIVE 2019 WORLDISTA

????? 18? 1?
                    19? 2?1?        
???????????????
??????
????????????????… https://t.co/WHSDUbriJs"
"1122306815176265729";"S_Anucha";"2019-04-28 01:09:30";"RT @Ronald_vanLoon: Top 5 #DigitalTransformation Trends for 2018 [#INFOGRAPHICS]
 by @SSI_TeamUS I

https://t.co/RHADfb1eoR 

#BigData #Blo…"
"1122306828962942976";"kenkeng7";"2019-04-28 01:09:34";"RT @tanaka1hiko: ???????????
????????????????????????????

#NEWSWORLDISTA?? 
#NEWS??
#WORLDASTA2019LIVETOUR 
#WORLDISTA"
"1122306829176807424";"ame_a_n";"2019-04-28 01:09:34";"RT @0615Ck: NEWS WORLDISTA
???
?? 4/28 1?  2?
???????????????
????????????????????????????????????????????
#NEWS??????"
"1122306836554604545";"EzvGwK4DdNXaHyz";"2019-04-28 01:09:35";"NEWS LINE TOUR 2019 WORLAISTA
????? 28? ???
????2?(4????)
??????3.0
???????
#NEWS????? #NEWS????? #NEWS??????… https://t.co/VAlrMk4xlH"
"1122306844989382656";"uc__0";"2019-04-28 01:09:37";".

?????????

.

#???? 
#NEWS??? https://t.co/4FWQVzpJGA"
"1122306852719435776";"ggiibbbb";"2019-04-28 01:09:39";"RT @daradaily: ????????? ???????? ???????? “??????”

??????? :: https://t.co/0Td7lOgRYw #daradaily #????????? #news #?????????? #??????????…"
"1122306853323468801";"helene_wpli";"2019-04-28 01:09:39";"RT @helene_wpli: Must read insights #designthinking apply to building biz &amp; #DigitalTransformation ! 
Connect the disconnected ????

https://t…"
"1122306860722188288";"namafactory";"2019-04-28 01:09:41";"RT @tbs_news: ??????????????????????? https://t.co/XwBfGGzhE3 #tbs #tbs_news #japan #news"
"1122306864211877889";"Beebee_u";"2019-04-28 01:09:42";"RT @daradaily: ???es ???????? ???? “????” ????????????????????

??????? :: https://t.co/AvNNaVp7VL #daradaily #????????? #news #??????????…"
"1122306886139699200";"n7SrdqvvqFFhyzj";"2019-04-28 01:09:47";"?????????????????????????? https://t.co/Y5XEE8QCAN #cbc #news"
"1122306891344859136";"zhaoqing14";"2019-04-28 01:09:49";"RT @TamaraMcCleary: Often Misunderstood... #MachineLearning And #AI Are Not The Same: Here's The Difference https://t.co/rNo9RrjiOs #Digita…"
"1122306897116143616";"kei41264140";"2019-04-28 01:09:50";"RT @tanaka1hiko: ???????????
????????????????????????????

#NEWSWORLDISTA?? 
#NEWS??
#WORLDASTA2019LIVETOUR 
#WORLDISTA"
"1122306897644797953";"DanceQueenNY";"2019-04-28 01:09:50";"RT @DanceQueenNY: Say thank you to #mom in so many words, spend quality time together VipSocio https://t.co/ncGp875YSX @randbreloaded #musi…"
"1122306899041509378";"IgweGilbert";"2019-04-28 01:09:50";"Some cause happiness wherever they go; others, whenever they go.-Oscar Wilde.#trending  #quotes #gilbertigwe… https://t.co/NW3rjIGopi"
"1122306901557952512";"_taka74star";"2019-04-28 01:09:51";"NEWS WORLDISTA

????? 4/28 2? 2?
         
????????????????????????????????????????????????????????????????????????… https://t.co/XbDBCFCf3v"
"1122306912630996992";"DanceQueenNY";"2019-04-28 01:09:54";"RT @DanceQueenNY: Everyone can place a price on almost anything but few understand the value of things... treat #mom to ""The Soul Mothers D…"
"1122306918809161728";"kmtk1984";"2019-04-28 01:09:55";"RT @phimawari1: ????????
????????????24???????????????????????????????????????????

#LoveStory #NEWS #NEWS???? #LoveStory?????"
"1122306924421292033";"DanceQueenNY";"2019-04-28 01:09:56";"RT @DanceQueenNY: Maybe you don't want afternoon tea, treat #mom to a drink she is bound to #love  ""The Soul Mothers Day Project"" https://t…"
"1122306925419479041";"Bliadhnaichean";"2019-04-28 01:09:57";"RT @spaceanswers: #NEWS: NASA lander has detected its first Marsquake: https://t.co/uxBSNMQkgU https://t.co/SkkHL21AFg"
"1122306931673190400";"rayhana508";"2019-04-28 01:09:58";"RT @katuarrr: ?????????? ? @infomoscow24 ?? ???? ?????????? ??????? ????
?
??????, ?????????, ? ??? ?? ?????????? ? ?????????? ???????? (????…"
"1122306942851006464";"SabriSabrokFans";"2019-04-28 01:10:01";"RT @SabrinaSabrok: Nota de hoy @TVNotasmx
https://t.co/KXEcT7a9xM
—
—
#sabrinasabrok #news #noticias #rhnegative #blood #hybrid #alien #ext…"
"1122306946994884608";"freetoopt";"2019-04-28 01:10:02";"RT @Ronald_vanLoon: LumiWatch: on arm projected graphics and touch input
by @CarnegieMellon |

#UX #IoT #InternetOfThings #ConnectedDevices…"
"1122306947703640064";"lifeandcitycom";"2019-04-28 01:10:02";"???? #News #drone #footage Iran’s Revolutionary Guard ‘shoots drone footage’ of US warships | News https://t.co/lerARegElj"
"1122306947867275265";"ots_polizei";"2019-04-28 01:10:02";"POL-PDKH: Nach Anruf bei der Polizei festgenommen https://t.co/4T8KIowwZL #ots #polizei #news"
"1122306949792452608";"brandonpromo";"2019-04-28 01:10:02";"California mom, aunt arrested for missing 6-year-old’s murder, authorities say https://t.co/OgwSiZwbAm #news… https://t.co/6oD0IyeXTO"
"1122306951273222145";"CapitalRepo";"2019-04-28 01:10:03";"The agency that regulates and manages #China’s foreign exchange reserves has developed a #blockchain system aimed t… https://t.co/Wmu5Rjangs"
"1122306954494390272";"DanceQueenNY";"2019-04-28 01:10:04";"RT @DanceQueenNY: Don’t miss the flash #sale for this #MothersDay #event ""The Soul Mothers Day Project"" 
https://t.co/1S7Ol1y8gN 
@Randbrel…"
"1122306957082103808";"ebi_masu1123";"2019-04-28 01:10:04";"RT @_fangottalove4_: ???????????????????????…???? https://t.co/6H8OnmxLJG"
"1122306955387789312";"WindowWorksUSA";"2019-04-28 01:10:04";"RT @NWFilming Licensed, Certified and BBB Accredited Dealer for #Residential Window Film.  Contact us for more deta… https://t.co/Q5UKvP08oz"
"1122306959791677440";"GopeRadhe";"2019-04-28 01:10:05";"RT @NemesisGiveaway: We are giving away 4 #EOS ????

Steps:
1. Retweet
2. Like
3. Join: https://t.co/XIwCzMLwuW

To participate, you have to c…"
"1122306946898583553";"MMNewzz";"2019-04-28 01:10:02";"WATCH: Judge Rips Kim Foxx For Jussie Smollett Special Treatment. Woman Caught Up In Foxx 'Double Standard' Speaks… https://t.co/jgn2IadDPp"
"1122306965693063168";"genkitegochan";"2019-04-28 01:10:06";"RT @y4ElLwHltHYjVWT: #WORLDISTALIVEin?? ???
??????????????????NEWS???????????????????????????????

????????????

????????????????NEWS????????????????
????????????????NEWS????????????????
????????????????NEWS????????????????
????????????????N…"
"1122306968524222464";"techtionary";"2019-04-28 01:10:07";"- @Teraki_IoT completes $3M led by @Paladincap GPS Ventures GmbH and @hubraumin to deliver #AI for exploding #data… https://t.co/iHItENkHIq"
"1122306971179331584";"DanceQueenNY";"2019-04-28 01:10:08";"RT @DanceQueenNY: Make dinner plans for #MothersDay today for  ""The Soul Mothers Day Project (Party)"" https://t.co/zER5JnGAp4
@Randbreloade…"
"1122306977269370880";"ebi_masu1123";"2019-04-28 01:10:09";"RT @NEWSmas_me: ???????

?? 2? 2? ???????????

???RT???????????????????

?????????????????????

19? / ???
#WORLDISTA? #NEWS? #NEWS???????"
"1122306981442850817";"lucylee37996917";"2019-04-28 01:10:10";"RT @C_G_Movie: CAG #Christian’s Brilliant Performances Win Praise of Spanish Friends
#news  #church 
https://t.co/0FySBg3Lnm"
"1122306984999628800";"aecfarmer";"2019-04-28 01:10:11";"RT @barrybutler9: Springtime in Chicago.  Saturday on Michigan Avenue. #snow #weather #news #ilwx #weather https://t.co/ahzYEwJLlP"
"1122306985846816768";"chrisoldcorn";"2019-04-28 01:10:11";"Think Like an Economist - via @smedian_network 

.@thestartup_ .@Medium #medium #blog #essay #news #politics… https://t.co/wr4n459kyB"
"1122306994335932416";"nayapages";"2019-04-28 01:10:13";"??????? ??????? ???????? ??? ??????, ??? ?? ?????
https://t.co/Ja5pXf8wDR
#news #Exam Board # https://t.co/JW4z6Dytco"
"1122307000686252032";"biconnections";"2019-04-28 01:10:15";"What #DigitalTransformation actually means for an organization
#DigitalTransformation is more than just an industry… https://t.co/vcR7L6TdFY"
"1122307009192157184";"Chompoo08022520";"2019-04-28 01:10:17";"RT @daradaily: ""???? ??????"" ????????????? ?????????????????

??????? :: https://t.co/jZuuynY8ot #daradaily #????????? #news #?????????? #…"
"1122307011159265280";"genkitegochan";"2019-04-28 01:10:17";"RT @sanaemi1: ?????????????
??????? #NEWS???

?????????????????????????????????
????NEWS????NEWS????NEWS????NEWS????NEWS????NEWS????NEWS????NEWS????NEWS????NEWS????NEWS????NEWS????NEWS????NEWS????NEW…"
"1122307013910913024";"PoliticElection";"2019-04-28 01:10:18";"Parker: The Numbers Prove This Economy Is Not Letting Up #News #Today https://t.co/9LzC5vO1qK"
"1122307021787631616";"genkitegochan";"2019-04-28 01:10:20";"RT @_yu_yakun: #WORLDISTA  ??????

NEWS??????MC??????????????????NEWS?MAX???????????????????????????????

??????????????NEWS??????????????NEWS

#NEWS???"
"1122307032999190528";"Iam_suvosarkar";"2019-04-28 01:10:22";"#NewBusinessAlert  ; 
1. buyer for river-sand, 120 metric tonnes for reclam &amp; airport runways (Hong Kong ????????) 
 2. s… https://t.co/wdRoHWCjPd"
"1122307036388057088";"ReN80569081";"2019-04-28 01:10:23";"RT @livedoornews: ????????4?28????20:00??? ?????????? #zopp #?????? #NEWS #?????WEST https://t.co/B2zEaB6JK4"
"1122307050824855552";"genkitegochan";"2019-04-28 01:10:27";"RT @phimawari1: ????????????????????
??????????????

#?????? #???? #NEWS 

Hey! Say! JUMP?????NEWS???“???”????????????? https://t.co/0gThbMRyyj"
"1122307062481018881";"AmazinglyGaming";"2019-04-28 01:10:29";"Games and chill!! #Talk #Comedy #Music #News #Autism #Endgame #AvengersEndgame #VIDEO #SaturdayMorning #RT #twitch… https://t.co/Eh7utSCYuj"
"1122307064821317632";"TheWinnipegJets";"2019-04-28 01:10:30";"#WinnipegJets Gazette #NHL #news is out! https://t.co/eTrTHAHxId Stories via @mirtle @spinohockey @NHLPA #stlblues #stanleycup"
"1122307069283950604";"asahi_newsyui";"2019-04-28 01:10:31";"RT @tqttq_macchu: ??????????????????????????????????????
??????????????( ;?; )
????????( ;?; )

#??????
#NEWS https://t.co/VRWuK5ZkHg"
"1122307074346500096";"HelloNewsSite";"2019-04-28 01:10:32";"RT @lifeandcitycom: ???? #News #drone #footage Iran’s Revolutionary Guard ‘shoots drone footage’ of US warships | News https://t.co/lerARegElj"
"1122307079962861568";"appsoln";"2019-04-28 01:10:33";"More Here: https://t.co/S3tLpfMEaW  #news #tech #technology #gadgets #science #pc #games https://t.co/S3tLpfMEaW"
"1122307080730206214";"kmtk1984";"2019-04-28 01:10:34";"RT @anego1125: ?????????
?????????????
???????? #Strawberry 

????????????????????????????
?????????
#KEIICHIRO ??????????????????????????????????????
??????…"
"1122307082886078464";"newsgocci";"2019-04-28 01:10:34";"RT @tanaka1hiko: ???????????
????????????????????????????

#NEWSWORLDISTA?? 
#NEWS??
#WORLDASTA2019LIVETOUR 
#WORLDISTA"
"1122307084853370880";"ShoutGamers";"2019-04-28 01:10:35";"RT @AmazinglyGaming: Games and chill!! #Talk #Comedy #Music #News #Autism #Endgame #AvengersEndgame #VIDEO #SaturdayMorning #RT #twitch #No…"
"1122307088426778624";"wGpPKSHVyBwNuNd";"2019-04-28 01:10:35";"NEWS LIVE TOUR 2019 WORLDISTA

? ? ?

?????? 4/28 2?
????2?
????????????

?? 19? ???

??????????
??????????????
???… https://t.co/r1znW9Neiv"
"1122307092021301249";"genkitegochan";"2019-04-28 01:10:36";"RT @chii89lov: ??2???
????????????

???????????????????????

???????????
???????????
???????????

??????????????????

#NEWS #WORLDISTA??"
"1122307105342525440";"Lomonpla";"2019-04-28 01:10:40";"RT @Ronald_vanLoon: LumiWatch: on arm projected graphics and touch input
by @CarnegieMellon |

#UX #IoT #InternetOfThings #ConnectedDevices…"
"1122307130860589057";"ayaeri_04";"2019-04-28 01:10:46";"RT @ririmilk: ??????NEWS WORLDISTA???????????

????? 5/5 2? 1? 
????? 4/28 2? 1? 

??????????????????????????????DM???????????????????
#NEW…"
"1122307131422568448";"wolf_slugger";"2019-04-28 01:10:46";"RT @tbs_news: ??????????????????????? https://t.co/XwBfGGzhE3 #tbs #tbs_news #japan #news"
"1122307140368998400";"akiaki0515k";"2019-04-28 01:10:48";"RT @neshws74: ???????
NEWS LIVE TOUR 2019 WORLDISTA
??????????????????????????????????????????????????

???
??4/28(?)2?1?
?? ????1?

20????…"
"1122307160535457793";"KevinPetschow";"2019-04-28 01:10:53";"RT @barrybutler9: Springtime in Chicago.  Saturday on Michigan Avenue. #snow #weather #news #ilwx #weather https://t.co/ahzYEwJLlP"
"1122307166789152768";"noeliasofia_";"2019-04-28 01:10:54";"RT @yeanky2121: A esto me refiero cuando digo “si yo estoy bien los míos también” aprendan a ser leales a los suyos ???????? https://t.co/3xsyCX5…"
"1122307172942196736";"DanceQueenNY";"2019-04-28 01:10:56";"RT @DanceQueenNY: Say thank you to your #mom with an unforgettable #MothersDay in #NewYorkCity ""The Soul Mothers Day Project""  https://t.co…"
"1122307176838516737";"grepinken";"2019-04-28 01:10:57";"RT @kmts0915: NEWS WORLDISTA ???????

(?)?? 19? 1?  1?2?
???????????????????????

????????????????????????????????????????????????…?

??? ?…"
"1122307195071188993";"genkitegochan";"2019-04-28 01:11:01";"RT @NEWS0501megumi: ???????????????
?????????????????????????????????????????????????(???? ??)
????????????????????????????
??????????????????????????
???…"
"1122307196610654208";"GeoSuper_Taiz";"2019-04-28 01:11:01";"Islamabad:
Bagair Ijazat Sarkari Wa Niji Imlak Pr Ishtihar Chispa Karne Pr 5 Hazar Rupay Jurmanay Ki Tajveez, Dastaveezat
#News"
"1122307198774910978";"187k87k";"2019-04-28 01:11:02";"SAN FRANCISCO — To get a proper reading on the Yankees’ domination of the Giants on Saturday across eight innings,… https://t.co/TYrFAnRKkl"
"1122307206899216384";"VizWorld";"2019-04-28 01:11:04";"Group plans to open new bookstore in downtown Goshen https://t.co/v52YyLhO8b #Startup #News #Tech https://t.co/FUTHpNdqE1"
"1122307214427996161";"fortivus";"2019-04-28 01:11:06";"PayPal's latest mega-investment in Uber signals growing global ambitions https://t.co/qIGs5VyEpO #Trading #news https://t.co/h8tgKjj261"
"1122307228625702912";"Family_General1";"2019-04-28 01:11:09";"RT @brandonpromo: California mom, aunt arrested for missing 6-year-old’s murder, authorities say https://t.co/OgwSiZwbAm #news #breaking #f…"
"1122307230798270465";"StartupsBot";"2019-04-28 01:11:09";"RT @VizWorld: Group plans to open new bookstore in downtown Goshen https://t.co/v52YyLhO8b #Startup #News #Tech https://t.co/FUTHpNdqE1"
"1122307230890643459";"akitamarugoto";"2019-04-28 01:11:09";"?????????????????????????? https://t.co/qNzcdbrsu2 #akita #?? #news https://t.co/D4cULvZzrA"
"1122307233721802752";"btc_update";"2019-04-28 01:11:10";"Despite Tether Concerns, Notable Analysts Remain Bullish On Bitcoin (BTC) https://t.co/h7W56mvDx6 #bitcoin #crypto… https://t.co/4alz4USanf"
"1122307234766020608";"babiw19";"2019-04-28 01:11:10";"RT @daradaily: ??????????? 7 ?? daradaily awards ????????????????????????????-????

??????? :: https://t.co/DjQVBvG5FR #daradaily #??????…"
"1122307235403784193";"press_yamashin";"2019-04-28 01:11:11";"?????????????????????????????????????? https://t.co/7DQpAwH7Oo #???? #yamashin #news"
"1122307251501277184";"Tumapai";"2019-04-28 01:11:14";"RT @tbs_news: ??????????????????????? https://t.co/XwBfGGzhE3 #tbs #tbs_news #japan #news"
"1122307282694541317";"187k87k";"2019-04-28 01:11:22";"19-year-old suspect fled the scene and called 911 on himself, police say https://t.co/OLvM1ZuJxB #News #Politics https://t.co/fEp8jtAYKR"
"1122307302126522368";"___yuyaaa";"2019-04-28 01:11:26";"NEWS LIVE TOUR 2019 WORLDISTA
???????????????

????? 5/4 1?

?????????????????????????????
????????????????
???????… https://t.co/A4Z80K0aH1"
"1122307307587526656";"aoe11_54";"2019-04-28 01:11:28";"RT @livedoornews: ?????#??????????? #zopp ?????????????????????
https://t.co/OKLeqWPnjd

#NEWS #SexyZone #?????WEST ???????????????????????…"
"1122307308388618241";"TFxxx_HusicK";"2019-04-28 01:11:28";"RT @tqttq_macchu: ??????????????????????????????????????
??????????????( ;?; )
????????( ;?; )

#??????
#NEWS https://t.co/VRWuK5ZkHg"
"1122307328483778560";"opinionshare4";"2019-04-28 01:11:33";"RT @stiflerminhoun1: Best Art Museum/Gallery ????

#artvsartist2019
#artist
#artshare
#BuenSabado
#art
#arte 
#painting
#paintings
#paint
#arc…"
"1122307334078980096";"HeyRoxy";"2019-04-28 01:11:34";"RT @barrybutler9: Springtime in Chicago.  Saturday on Michigan Avenue. #snow #weather #news #ilwx #weather https://t.co/ahzYEwJLlP"
"1122307343872512000";"terutego";"2019-04-28 01:11:36";"RT @naoxfich: NEWS WORLDISTA

???
4/28 ?? ??? 2?

??+??????????????????????????????????????????????????????????????????????????????????????…"
"1122307369554317312";"opinionshare4";"2019-04-28 01:11:43";"RT @stiflerminhoun1: Best Art Museum/Gallery ????

#artvsartist2019
#artist
#Article13
#BuenSabado
#art
#arte 
#painting
#paintings
#paint
#ar…"
"1122307392241328134";"theTexan65";"2019-04-28 01:11:48";"RT @dahboo7: Big Asteroid Impact Exercise Next Week Held by NASA, FEMA and International Partners #Breaking #News
https://t.co/gmASk4PsNz"
"1122307407705722880";"opinionshare4";"2019-04-28 01:11:52";"RT @stiflerminhoun1: Most historical University ????

#EasterMonday
#Easter
#EasterSunday
#Historia
#HIStory3??
#History
#arte
#artist
#art
#E…"
"1122307421886664705";"DanceQueenNY";"2019-04-28 01:11:55";"RT @DanceQueenNY: Treat mom to a day of luxury and fun in #NYC  ""The Soul Mothers Day Project"" https://t.co/34kTcKSiJh  @Randbreloaded #phi…"
"1122307424898052096";"grgr66666";"2019-04-28 01:11:56";"NEWS WORLDISTA
????????????
???
4/28  ?? 2?
1??2??????
???1.5?????????
???????????????
?????????????????????????

#NEWS??????"
"1122307425330180096";"compsciproject7";"2019-04-28 01:11:56";"RT @EarthlingSandy: Really.. u don't say! ????????

#caturday #SaturdayThoughts #saturday #education #mtc #happycaturday #MondayMotivation #chat…"
"1122307427683262464";"Varinder_Sandhu";"2019-04-28 01:11:56";"The latest https://t.co/cgU6tTFoag! https://t.co/jphpfONngP Thanks to @PacktPub #digitaltransformation #cybersecurity"
"1122307428752609285";"sg_sg_sk_sk";"2019-04-28 01:11:57";"NEWS LIVE TOUR 2019 WORLDISTA ???????

?????? 4/28 13:00 (1?)
????2?
?????1.5
?????????

??????????????
?????????DM… https://t.co/66Fg7V6kfY"
"1122307431135006720";"yozakurakoubou";"2019-04-28 01:11:57";"RT @NEWS_JAPAN_S: //////////
????????????? ?NHK?

?????????????????????????????????????????????????…

https://t.co/IuR0KjQ3ST

#???????
#??…"
"1122307434071117826";"blogosum";"2019-04-28 01:11:58";"Travel #news: Finance Ministry scraps travel cash for tourists - Bangkok Post https://t.co/bKo2XvasFN #travel… https://t.co/QDm5lBtJEl"
"1122307448977620993";"poandpo";"2019-04-28 01:12:01";"Hundreds of flights canceled as snow hits Chicago https://t.co/4vqiFQ4XiZ #News https://t.co/eQQT8822Zi #771"
"1122307449736712192";"melissa_radu";"2019-04-28 01:12:02";"RT @michellemizner: THREAD: It's true. The media has done a pretty awful job covering #climatechange. Many of the failures are outlined in…"
"1122307455332036608";"poandpo";"2019-04-28 01:12:03";"10,000 homes without power as Storm Hannah hits UK https://t.co/pgpFWv3iGk #News https://t.co/eQQT8822Zi #401"
"1122307458427424768";"poandpo";"2019-04-28 01:12:04";"Five dead after heavy rains lash Mozambique after Cyclone Kenneth https://t.co/XRdxRUX8sF #News https://t.co/eQQT8822Zi #37"
"1122307460054827013";"poandpo";"2019-04-28 01:12:04";"Americans' confidence in economic leaders edges up but worries intensify https://t.co/vWrBWioR54 #News https://t.co/eQQT8822Zi #491"
"1122307463389249536";"poandpo";"2019-04-28 01:12:05";"Search mission ended in Myanmar jade mining accident https://t.co/VgkrU2hRaO #News https://t.co/eQQT8822Zi #730"
"1122307464928661505";"poandpo";"2019-04-28 01:12:05";"Ottawa under siege from floodwaters https://t.co/aeptV1duSo #News https://t.co/eQQT8822Zi #117"
"1122307466161577984";"nncc91";"2019-04-28 01:12:06";"RT @daradaily: ????????? ???????? ???????? “??????”

??????? :: https://t.co/0Td7lOgRYw #daradaily #????????? #news #?????????? #??????????…"
"1122307469806645248";"KelmerCortesia";"2019-04-28 01:12:06";"RT @BlondeMaleBlog: New Retinol Capsules Launched! #retinol #Skin #skincareroutine
#skincaretwitter #skincare #skincaretips #mens #beauty
#…"
"1122307473489055746";"TWINKLESTAR704";"2019-04-28 01:12:07";"RT @coquelicotz: ??????????????????
???????????
???????? (@3indigo_1026 )

????????????????????????????????????????????????
#NEWS????? https:/…"
"1122307476186107904";"opinionshare4";"2019-04-28 01:12:08";"RT @stiflerminhoun1: Who will win the Eredivisie? ?

#happyeaster
#EVEMUN
#PremierLeagueNaESPN
#Bundesliga
#PSV
#Germany
#Netherlands
#Ajax…"
"1122307481571430400";"kmtk1984";"2019-04-28 01:12:09";"RT @2iRElPG11NZZGMl: ???? ????

??????????

??????? ????????????

?????? #?????????

????????????? ????

#NEWS
#WORLDISTA https://t.co/LLpgbaiApv"
"1122307482188242944";"poandpo";"2019-04-28 01:12:09";"Venezuela struggling to restore thermal power units https://t.co/ez9uGe7Hj1 #News https://t.co/eQQT8822Zi #570"
"1122307485791064064";"pepparsteve";"2019-04-28 01:12:10";"RT @chrisoldcorn: Green New Deal: Fix Inequality &amp; The Planet - via @smedian_network 

.@Medium #medium #blog #essay #news #politics #gover…"
"1122307488173498370";"poandpo";"2019-04-28 01:12:11";"Aeroflot flight makes emergency landing at Riga Airport https://t.co/OfehDreEEa #News https://t.co/eQQT8822Zi #257"
"1122307496285097984";"__mmnd";"2019-04-28 01:12:13";".

( ? ) ???? 28?1?  1?
( ?? ) ???????

?????????????????
????????????????????????????????????DM??????????

??? ???… https://t.co/AipzY1efy9"
"1122307502639501312";"kym_koooom";"2019-04-28 01:12:14";"RT @msd_tkhs_l7lcm: NEWS WORLDISTA ???????????????

????? 28? 2? 
????2?
???????
?????????

??????????????????????????????????

#NEWS??????…"
"1122307509597941760";"DanceQueenNY";"2019-04-28 01:12:16";"RT @DanceQueenNY: An evening out to celebrate #mom with tickets to  ""The Soul Mothers Day Project"" https://t.co/34kTcKSiJh @Randbreloaded #…"
"1122307520817709056";"StandWithMarco_";"2019-04-28 01:12:19";"#News via #NYT by FRANCES ROBLES ""Russian Hackers Were ‘In a Position’ to Alter Florida Voter Rolls, Rubio Confirms… https://t.co/CbT65qzOO3"
"1122307537422802945";"WizdSBH";"2019-04-28 01:12:23";"RT @daradaily: ??????????? 7 ?? daradaily awards ????????????????????????????-????

??????? :: https://t.co/DjQVBvG5FR #daradaily #??????…"
"1122307544611840000";"ToroNyanPiCat";"2019-04-28 01:12:24";"RT @tbs_news: ???????? ?????????? https://t.co/1B4gxLyvlM #tbs #tbs_news #japan #news"
"1122307560181125120";"kureikai";"2019-04-28 01:12:28";"RT @NEWS_kei_sana: ??????
NEWS??4/27?????(19:45??)??????????????NEWS??????????????????????????????
?????????????DM???????????????
?????????…"
"1122307562114830336";"GhanaNdwom";"2019-04-28 01:12:28";"Star Moni to embark on High School Tour https://t.co/JfFhgBe0Ck via @GhanaNdwom #news #starmoni"
"1122307579588349957";"opinionshare4";"2019-04-28 01:12:33";"RT @stiflerminhoun1: Who will win the Premier League? ?

#happyeaster
#EVEMUN
#PremierLeagueNaESPN
#PremierLeague
#premierleaguedarts
#Manc…"
"1122307600861679616";"GopeRadhe";"2019-04-28 01:12:38";"RT @NemesisGiveaway: We are giving away 4 #EOS ????

Steps:
1. Retweet
2. Like
3. Join: https://t.co/XIwCzMLwuW

To participate, you have to c…"
"1122307617106223104";"SuperMom4Trump";"2019-04-28 01:12:42";"RT @rikknives: President Trump addressed a San Diego-area synagogue shooting at the top of his rally in Green Bay, Wisconsin, offering pray…"
"1122307691639185408";"News4UDC";"2019-04-28 01:12:59";"RT @poandpo: Search mission ended in Myanmar jade mining accident https://t.co/VgkrU2hRaO #News https://t.co/eQQT8822Zi #730"
"1122307707648790528";"NeversNews";"2019-04-28 01:13:03";"#Nevers #News #WebRadio Killing In the Name Rage Against The Machine Rage Against The Machine - Killing In the Name"
"1122307715504721920";"365news_biz";"2019-04-28 01:13:05";"#365news #news #365newsbiz

??? ????????? ???????? ?????????? ????? ???????? ??????

© ???? : ??? ????????????? ???… https://t.co/BnUmjCxXLP"
"1122307717585154049";"BlackCampy_10";"2019-04-28 01:13:05";"RT @barrybutler9: Springtime in Chicago.  Saturday on Michigan Avenue. #snow #weather #news #ilwx #weather https://t.co/ahzYEwJLlP"
"1122307723444408321";"aky_n7";"2019-04-28 01:13:07";"RT @tbs_news: ??????????????????????? https://t.co/XwBfGGzhE3 #tbs #tbs_news #japan #news"
"1122307723897397249";"10ve_NEWS_TKHS";"2019-04-28 01:13:07";"????????????????????????????????(??)"
"1122307730017017856";"News4UDC";"2019-04-28 01:13:08";"RT @poandpo: Ottawa under siege from floodwaters https://t.co/aeptV1duSo #News https://t.co/eQQT8822Zi #117"
"1122307734265790466";"RMRealtor";"2019-04-28 01:13:09";"RT Dodgers: #ITFDB https://t.co/Fg3jsDsC0Q #losangeles #News #RMRealtor #KTLA"
"1122307742192922624";"ngs__yuy";"2019-04-28 01:13:11";"firstday
NEWS WORLDISTA

?????????

#NEWS #WORLDISTA https://t.co/mx7dX2RkUG"
"1122307747440017414";"greensmile711";"2019-04-28 01:13:13";"RT @tanaka1hiko: ???????????
????????????????????????????

#NEWSWORLDISTA?? 
#NEWS??
#WORLDASTA2019LIVETOUR 
#WORLDISTA"
"1122307749625434112";"DanceQueenNY";"2019-04-28 01:13:13";"RT @DanceQueenNY: An evening out to celebrate #mom with tickets to  ""The Soul Mothers Day Project"" https://t.co/34kTcKSiJh @Randbreloaded #…"
"1122307751173029889";"OrderofTheDimen";"2019-04-28 01:13:14";"RT @barrybutler9: Springtime in Chicago.  Saturday on Michigan Avenue. #snow #weather #news #ilwx #weather https://t.co/ahzYEwJLlP"
"1122307755446898688";"koz_nay";"2019-04-28 01:13:15";"??????????????????"
"1122307755740684288";"News4UDC";"2019-04-28 01:13:15";"RT @poandpo: Venezuela struggling to restore thermal power units https://t.co/ez9uGe7Hj1 #News https://t.co/eQQT8822Zi #570"
"1122307777261707264";"News4UDC";"2019-04-28 01:13:20";"RT @poandpo: Aeroflot flight makes emergency landing at Riga Airport https://t.co/OfehDreEEa #News https://t.co/eQQT8822Zi #257"
"1122307782185603072";"Ed_Dantes_bis";"2019-04-28 01:13:21";"RT @Ed_Dantes_bis: WIT
SLAVES
SLAVERING
Ethnic
Cleansing#ING
4
#ING
Govs/Banksters
Join-ING
OPS #Haarp
in
#Africa
#Asia
#Elsewhere
Under co…"
"1122307785113210886";"BamBamNBOne";"2019-04-28 01:13:22";"RT @daradaily: ????????? ???????? ???????? “??????”

??????? :: https://t.co/0Td7lOgRYw #daradaily #????????? #news #?????????? #??????????…"
"1122307802993655814";"News4UDC";"2019-04-28 01:13:26";"RT @GhanaNdwom: Star Moni to embark on High School Tour https://t.co/JfFhgBe0Ck via @GhanaNdwom #news #starmoni"
"1122307805862457344";"_____Daiki_naaa";"2019-04-28 01:13:27";"RT @snmn_k_: .

?     ??? ???????????????????????? ???????????????????????????????????? ??  ??? 

?       01line ??? ?  ?? ?

??     ???????????
.
#NEWS?????????  #NEWS??????? #???????…"
"1122307817686233088";"Jufffrieee";"2019-04-28 01:13:29";"Pelarian di akhir minggu April ?????????????????????????????????????????????????????????????#instaplace #place #world #asia #southeastasia #indonesia… https://t.co/YsaQA2zGQt"
"1122307822710996998";"yoyo_xo98";"2019-04-28 01:13:31";"NEWS LIVE TOUR WORLDISTA
?????????????????????

??????(??????)
????2? ?? 4?
???????????

??????????DM???????????… https://t.co/LIIYhObbWK"
